{
  "loss": [
    0.516007125377655,
    0.4068317413330078,
    0.3871820569038391,
    0.36761417984962463,
    0.3600752055644989,
    0.3478855788707733,
    0.34405431151390076,
    0.33987438678741455,
    0.33563032746315,
    0.32602521777153015,
    0.31884628534317017
  ],
  "mIoU": [
    0.6624614596366882,
    0.7133772373199463,
    0.7269622087478638,
    0.7364264726638794,
    0.7407947778701782,
    0.7470604181289673,
    0.7491414546966553,
    0.7524324059486389,
    0.7543671131134033,
    0.7599117755889893,
    0.7651760578155518
  ],
  "val_loss": [
    0.3656405210494995,
    0.34503173828125,
    0.34024345874786377,
    0.32499271631240845,
    0.3282228410243988,
    0.32173392176628113,
    0.3105454444885254,
    0.30545926094055176,
    0.31158167123794556,
    0.3156897723674774,
    0.3035966157913208
  ],
  "val_mIoU": [
    0.7406481504440308,
    0.7522577047348022,
    0.7548731565475464,
    0.7671391367912292,
    0.7639464139938354,
    0.7680501341819763,
    0.7733291387557983,
    0.7782219648361206,
    0.7750219106674194,
    0.7739077806472778,
    0.7778011560440063
  ],
  "learning_rate": [
    0.0003000000142492354,
    0.0003000000142492354,
    0.0003000000142492354,
    0.0003000000142492354,
    0.0003000000142492354,
    0.0003000000142492354,
    0.0003000000142492354,
    0.0003000000142492354,
    0.0003000000142492354,
    0.0003000000142492354,
    0.0003000000142492354
  ]
}