{
  "run_name": "SEGFORMER_MITB0_FT_512x512_b4_aug1_ce_dice_e20_seed42",
  "best_path": "/home/ui/PROJ9/out/experiments/SEGFORMER_MITB0_FT_512x512_b4_aug1_ce_dice_e20_seed42/best.keras",
  "train_time_sec": 2501.778820991516,
  "val_loss": 0.30545926094055176,
  "val_mIoU": 0.7782219648361206,
  "test_loss": 0.27571630477905273,
  "test_mIoU": 0.7901732325553894,
  "params": {
    "tag": "SEGFORMER_MITB0",
    "size_hw": [
      512,
      512
    ],
    "batch": 4,
    "epochs": 20,
    "aug": true,
    "aug_repeats": 1,
    "loss_name": "ce_dice",
    "seed": 42,
    "trainable": true
  }
}