{
  "loss": [
    1.040374755859375,
    0.7896049618721008,
    0.7114779353141785,
    0.6581117510795593,
    0.6205068826675415,
    0.5995021462440491,
    0.5794071555137634,
    0.5634353756904602,
    0.5411646962165833,
    0.5271822214126587,
    0.5127432346343994,
    0.511397123336792,
    0.48926252126693726,
    0.48430192470550537,
    0.4727826416492462,
    0.4580913186073303,
    0.45878058671951294,
    0.4482406973838806,
    0.44531112909317017,
    0.435921847820282,
    0.43863731622695923,
    0.4242817163467407,
    0.3987154960632324,
    0.3958119750022888,
    0.3916034996509552,
    0.3957616090774536,
    0.3863115906715393,
    0.3794103264808655,
    0.38501787185668945,
    0.37466445565223694,
    0.3770732581615448,
    0.37515124678611755,
    0.36548349261283875,
    0.35561835765838623,
    0.35680052638053894,
    0.35487449169158936,
    0.35243821144104004,
    0.35265493392944336,
    0.3440053462982178,
    0.3447926640510559
  ],
  "mIoU": [
    0.41859227418899536,
    0.507483184337616,
    0.5504907369613647,
    0.58040452003479,
    0.5989513397216797,
    0.6117188930511475,
    0.622404158115387,
    0.6304458379745483,
    0.6422847509384155,
    0.6496938467025757,
    0.6574522256851196,
    0.6589635014533997,
    0.6682264804840088,
    0.6721335053443909,
    0.6787624359130859,
    0.6874721050262451,
    0.6872719526290894,
    0.6918331384658813,
    0.6930521130561829,
    0.6993176937103271,
    0.697577178478241,
    0.7065150141716003,
    0.7192866802215576,
    0.7210776209831238,
    0.7244927883148193,
    0.7212740182876587,
    0.7255698442459106,
    0.7305406928062439,
    0.7284488677978516,
    0.7332595586776733,
    0.7332061529159546,
    0.732013463973999,
    0.7381905317306519,
    0.7444820404052734,
    0.7427324056625366,
    0.744048535823822,
    0.7467132806777954,
    0.7452744841575623,
    0.7507844567298889,
    0.7511110305786133
  ],
  "val_loss": [
    0.8148986101150513,
    0.6887387633323669,
    0.6806263327598572,
    0.594533383846283,
    0.6183170676231384,
    0.6476938128471375,
    0.5749858021736145,
    0.5267947316169739,
    0.5348482728004456,
    0.496285617351532,
    0.48886188864707947,
    0.45897743105888367,
    0.46920645236968994,
    0.4742400348186493,
    0.44587981700897217,
    0.4429418742656708,
    0.4529320001602173,
    0.45979857444763184,
    0.4172641932964325,
    0.4222922623157501,
    0.4300665855407715,
    0.4345548748970032,
    0.38834986090660095,
    0.4167076349258423,
    0.3810023367404938,
    0.37271371483802795,
    0.3894502520561218,
    0.371055006980896,
    0.38660675287246704,
    0.36423951387405396,
    0.3712344169616699,
    0.37312397360801697,
    0.36988556385040283,
    0.35554003715515137,
    0.3607879877090454,
    0.3563341200351715,
    0.3502121567726135,
    0.35622256994247437,
    0.3533696234226227,
    0.35718080401420593
  ],
  "val_mIoU": [
    0.5004650354385376,
    0.559409499168396,
    0.5824559926986694,
    0.6234617233276367,
    0.6175629496574402,
    0.5976910591125488,
    0.6245733499526978,
    0.6502493023872375,
    0.6471588611602783,
    0.6660244464874268,
    0.6776738166809082,
    0.6898688077926636,
    0.6887087225914001,
    0.6829351782798767,
    0.6962631940841675,
    0.6970499157905579,
    0.6958730220794678,
    0.6878190040588379,
    0.7141510248184204,
    0.71403968334198,
    0.7034127712249756,
    0.7120414972305298,
    0.731609582901001,
    0.7125957012176514,
    0.7366993427276611,
    0.7411196827888489,
    0.7319270968437195,
    0.7415771484375,
    0.7357736229896545,
    0.7465747594833374,
    0.7431658506393433,
    0.7404230833053589,
    0.7420641183853149,
    0.7506858706474304,
    0.7492144107818604,
    0.7511141896247864,
    0.7538622617721558,
    0.7516881823539734,
    0.7537404298782349,
    0.7526562213897705
  ],
  "learning_rate": [
    0.0010000000474974513,
    0.0010000000474974513,
    0.0010000000474974513,
    0.0010000000474974513,
    0.0010000000474974513,
    0.0010000000474974513,
    0.0010000000474974513,
    0.0010000000474974513,
    0.0010000000474974513,
    0.0010000000474974513,
    0.0010000000474974513,
    0.0010000000474974513,
    0.0010000000474974513,
    0.0010000000474974513,
    0.0010000000474974513,
    0.0010000000474974513,
    0.0010000000474974513,
    0.0010000000474974513,
    0.0010000000474974513,
    0.0010000000474974513,
    0.0010000000474974513,
    0.0010000000474974513,
    0.0005000000237487257,
    0.0005000000237487257,
    0.0005000000237487257,
    0.0005000000237487257,
    0.0005000000237487257,
    0.0005000000237487257,
    0.0005000000237487257,
    0.0005000000237487257,
    0.0005000000237487257,
    0.0005000000237487257,
    0.0005000000237487257,
    0.0002500000118743628,
    0.0002500000118743628,
    0.0002500000118743628,
    0.0002500000118743628,
    0.0002500000118743628,
    0.0002500000118743628,
    0.0002500000118743628
  ]
}