{
  "loss": [
    0.7231273055076599,
    0.558319628238678,
    0.5113730430603027,
    0.4867929220199585,
    0.4617840349674225,
    0.43630149960517883,
    0.4347919821739197,
    0.4311899244785309,
    0.4178820550441742,
    0.4015924334526062,
    0.40168628096580505,
    0.3929385542869568,
    0.3760612905025482,
    0.3843993544578552,
    0.37508997321128845,
    0.3670922815799713,
    0.36435389518737793,
    0.33796223998069763,
    0.32407301664352417,
    0.31821975111961365,
    0.3140825927257538,
    0.3100794553756714,
    0.29649922251701355,
    0.2902468740940094,
    0.28450247645378113,
    0.28250589966773987,
    0.28180915117263794,
    0.27948808670043945,
    0.27866771817207336,
    0.2694661021232605
  ],
  "mIoU": [
    0.5491767525672913,
    0.6332324743270874,
    0.659887433052063,
    0.6718738675117493,
    0.6856889724731445,
    0.7009214162826538,
    0.7004105448722839,
    0.7036115527153015,
    0.710343599319458,
    0.7183730602264404,
    0.7172126770019531,
    0.7247345447540283,
    0.7329179048538208,
    0.7283642292022705,
    0.7339285612106323,
    0.73750901222229,
    0.7385733723640442,
    0.7536918520927429,
    0.7601495385169983,
    0.7640317678451538,
    0.7667686939239502,
    0.7684618234634399,
    0.775727391242981,
    0.7790935039520264,
    0.7829654216766357,
    0.7827154397964478,
    0.784978985786438,
    0.7852779030799866,
    0.7865687608718872,
    0.7913674116134644
  ],
  "val_loss": [
    0.5109133124351501,
    0.47627538442611694,
    0.44916021823883057,
    0.4364999532699585,
    0.47353649139404297,
    0.4317883849143982,
    0.40222322940826416,
    0.3922136127948761,
    0.3971998393535614,
    0.3878211975097656,
    0.39309218525886536,
    0.37647750973701477,
    0.3755451738834381,
    0.3699866831302643,
    0.37660667300224304,
    0.37549594044685364,
    0.3886876404285431,
    0.34330472350120544,
    0.3397078216075897,
    0.34344443678855896,
    0.33348995447158813,
    0.3413870334625244,
    0.3263571858406067,
    0.331080824136734,
    0.32697224617004395,
    0.3311319649219513,
    0.32715874910354614,
    0.32748132944107056,
    0.3299073576927185,
    0.3277876079082489
  ],
  "val_mIoU": [
    0.6579544544219971,
    0.6802008152008057,
    0.6969853043556213,
    0.7047152519226074,
    0.6849416494369507,
    0.7104567289352417,
    0.7275561690330505,
    0.7301256060600281,
    0.7281140685081482,
    0.734363853931427,
    0.7341718077659607,
    0.7406221032142639,
    0.7422980070114136,
    0.7468671798706055,
    0.737575888633728,
    0.7436740398406982,
    0.7348841428756714,
    0.7629326581954956,
    0.7631570100784302,
    0.7610917091369629,
    0.7632055878639221,
    0.761868417263031,
    0.771122932434082,
    0.7717509269714355,
    0.7696585655212402,
    0.7703828811645508,
    0.7718985080718994,
    0.7705845236778259,
    0.7720701098442078,
    0.773752748966217
  ],
  "learning_rate": [
    0.0010000000474974513,
    0.0010000000474974513,
    0.0010000000474974513,
    0.0010000000474974513,
    0.0010000000474974513,
    0.0010000000474974513,
    0.0010000000474974513,
    0.0010000000474974513,
    0.0010000000474974513,
    0.0010000000474974513,
    0.0010000000474974513,
    0.0010000000474974513,
    0.0010000000474974513,
    0.0010000000474974513,
    0.0010000000474974513,
    0.0010000000474974513,
    0.0010000000474974513,
    0.0005000000237487257,
    0.0005000000237487257,
    0.0005000000237487257,
    0.0005000000237487257,
    0.0005000000237487257,
    0.0002500000118743628,
    0.0002500000118743628,
    0.0002500000118743628,
    0.0002500000118743628,
    0.0002500000118743628,
    0.0002500000118743628,
    0.0002500000118743628,
    0.0002500000118743628
  ]
}