{
  "loss": [
    0.7702432870864868,
    0.594334065914154,
    0.5452989339828491,
    0.5111604928970337,
    0.48816943168640137,
    0.46797797083854675,
    0.4593838155269623,
    0.4432844817638397,
    0.4340578615665436,
    0.4205125570297241
  ],
  "mIoU": [
    0.4127052426338196,
    0.48026183247566223,
    0.511008620262146,
    0.530524730682373,
    0.5441837310791016,
    0.5577672123908997,
    0.5660616159439087,
    0.5752840638160706,
    0.5826424360275269,
    0.5888954997062683
  ],
  "val_loss": [
    0.7070804238319397,
    0.60639888048172,
    0.5079705715179443,
    0.4714699685573578,
    0.45233672857284546,
    0.4904652237892151,
    0.45411789417266846,
    0.41864264011383057,
    0.4320390820503235,
    0.4204734265804291
  ],
  "val_mIoU": [
    0.4067094326019287,
    0.4802323281764984,
    0.5434151291847229,
    0.5612900853157043,
    0.5718679428100586,
    0.5607470870018005,
    0.5806106328964233,
    0.5891578793525696,
    0.5830984711647034,
    0.6043614149093628
  ],
  "learning_rate": [
    0.0010000000474974513,
    0.0010000000474974513,
    0.0010000000474974513,
    0.0010000000474974513,
    0.0010000000474974513,
    0.0010000000474974513,
    0.0010000000474974513,
    0.0010000000474974513,
    0.0010000000474974513,
    0.0010000000474974513
  ]
}