{
  "loss": [
    0.7905070185661316,
    0.6403821706771851,
    0.5973288416862488,
    0.5763671398162842,
    0.5415727496147156,
    0.5322820544242859,
    0.5130846500396729,
    0.5041937828063965,
    0.4966272711753845,
    0.48099130392074585,
    0.47155511379241943,
    0.4338071644306183,
    0.4342534840106964,
    0.4165779948234558,
    0.4195370078086853,
    0.41264480352401733,
    0.40938329696655273,
    0.4069262146949768,
    0.39806053042411804,
    0.39775964617729187,
    0.3939509689807892,
    0.3918690085411072,
    0.3927219808101654,
    0.38231906294822693,
    0.380425363779068,
    0.3786669075489044,
    0.37655505537986755,
    0.36158356070518494,
    0.36020511388778687,
    0.35485777258872986
  ],
  "mIoU": [
    0.5131505727767944,
    0.5870488882064819,
    0.6112220287322998,
    0.6219789981842041,
    0.6405190229415894,
    0.645440936088562,
    0.655616044998169,
    0.6606185436248779,
    0.6652684211730957,
    0.6723083853721619,
    0.6779633164405823,
    0.698162317276001,
    0.6974899172782898,
    0.7074190378189087,
    0.7060294151306152,
    0.7096928358078003,
    0.7119104862213135,
    0.7118865847587585,
    0.7169634103775024,
    0.7177894115447998,
    0.7192861437797546,
    0.7225140333175659,
    0.7199133038520813,
    0.7265291810035706,
    0.7280541658401489,
    0.7288849353790283,
    0.7290002107620239,
    0.738156795501709,
    0.7372958064079285,
    0.7422621250152588
  ],
  "val_loss": [
    0.8691952228546143,
    0.6333447694778442,
    0.8059342503547668,
    0.6063213348388672,
    0.591769278049469,
    0.6700298190116882,
    0.5940245389938354,
    0.4756825566291809,
    0.5014418959617615,
    0.5065215229988098,
    0.5017828941345215,
    0.47833845019340515,
    0.45722493529319763,
    0.43532219529151917,
    0.447750449180603,
    0.4395952820777893,
    0.41258010268211365,
    0.4403408467769623,
    0.42004525661468506,
    0.4098510146141052,
    0.42205432057380676,
    0.42805007100105286,
    0.39992624521255493,
    0.39488518238067627,
    0.4014296531677246,
    0.4115310311317444,
    0.43930214643478394,
    0.3796330690383911,
    0.37500157952308655,
    0.3712274730205536
  ],
  "val_mIoU": [
    0.5228275656700134,
    0.6041620373725891,
    0.5587286949157715,
    0.6046339273452759,
    0.6215935945510864,
    0.6024256944656372,
    0.6415073871612549,
    0.6862285137176514,
    0.6722245216369629,
    0.6680217981338501,
    0.6702887415885925,
    0.685671329498291,
    0.6977933049201965,
    0.704304575920105,
    0.6986045241355896,
    0.7106142044067383,
    0.716815710067749,
    0.7055593729019165,
    0.7085932493209839,
    0.7209306955337524,
    0.7132964134216309,
    0.7096346616744995,
    0.7242157459259033,
    0.732007622718811,
    0.723832905292511,
    0.7227164506912231,
    0.7114677429199219,
    0.7373632192611694,
    0.7394700050354004,
    0.7418296337127686
  ],
  "learning_rate": [
    0.0010000000474974513,
    0.0010000000474974513,
    0.0010000000474974513,
    0.0010000000474974513,
    0.0010000000474974513,
    0.0010000000474974513,
    0.0010000000474974513,
    0.0010000000474974513,
    0.0010000000474974513,
    0.0010000000474974513,
    0.0010000000474974513,
    0.0005000000237487257,
    0.0005000000237487257,
    0.0005000000237487257,
    0.0005000000237487257,
    0.0005000000237487257,
    0.0005000000237487257,
    0.0005000000237487257,
    0.0005000000237487257,
    0.0005000000237487257,
    0.0005000000237487257,
    0.0005000000237487257,
    0.0005000000237487257,
    0.0005000000237487257,
    0.0005000000237487257,
    0.0005000000237487257,
    0.0005000000237487257,
    0.0002500000118743628,
    0.0002500000118743628,
    0.0002500000118743628
  ]
}