{
  "loss": [
    0.6936301589012146,
    0.5540216565132141,
    0.5054786801338196,
    0.47898414731025696,
    0.4607844650745392,
    0.43661585450172424,
    0.4194372892379761,
    0.41423138976097107,
    0.40733689069747925,
    0.4018530249595642,
    0.4036710858345032,
    0.3832196295261383,
    0.38592851161956787,
    0.36920297145843506,
    0.3742605149745941,
    0.35951751470565796,
    0.3570294976234436,
    0.34917107224464417,
    0.35046249628067017,
    0.3398338258266449,
    0.3376134932041168,
    0.3377865254878998,
    0.3312913477420807,
    0.340880423784256,
    0.32577258348464966,
    0.3213109076023102,
    0.3144319951534271,
    0.2905751168727875,
    0.28485992550849915,
    0.28528788685798645
  ],
  "mIoU": [
    0.5646842122077942,
    0.6365739107131958,
    0.6635754704475403,
    0.6773982048034668,
    0.6887916326522827,
    0.6983097791671753,
    0.7091625928878784,
    0.7111297845840454,
    0.7155357599258423,
    0.7190366387367249,
    0.716141402721405,
    0.7290147542953491,
    0.7280610799789429,
    0.7363772392272949,
    0.7338236570358276,
    0.7405561804771423,
    0.7433528900146484,
    0.747336745262146,
    0.7467455863952637,
    0.7518872022628784,
    0.7540779113769531,
    0.7544199228286743,
    0.7570479512214661,
    0.7513332366943359,
    0.7604793310165405,
    0.7610676288604736,
    0.7657274007797241,
    0.7788773775100708,
    0.7832104563713074,
    0.7815990447998047
  ],
  "val_loss": [
    0.5303276777267456,
    0.4620959460735321,
    0.4422377347946167,
    0.4480913281440735,
    0.4466288387775421,
    0.40035292506217957,
    0.3781651556491852,
    0.38658222556114197,
    0.3872421979904175,
    0.3988642692565918,
    0.36701637506484985,
    0.39478474855422974,
    0.3760194480419159,
    0.36127811670303345,
    0.3829132318496704,
    0.35667452216148376,
    0.3603709936141968,
    0.3608151078224182,
    0.3504742980003357,
    0.3763812184333801,
    0.3556538224220276,
    0.3498954176902771,
    0.3522927761077881,
    0.3456091582775116,
    0.3579522967338562,
    0.35298681259155273,
    0.3525142967700958,
    0.32836881279945374,
    0.32837924361228943,
    0.33338111639022827
  ],
  "val_mIoU": [
    0.6569772362709045,
    0.6889669299125671,
    0.6980859041213989,
    0.701515793800354,
    0.7050434947013855,
    0.7210124135017395,
    0.7354409694671631,
    0.735665500164032,
    0.7346082925796509,
    0.7220369577407837,
    0.7451934814453125,
    0.7316935658454895,
    0.7403515577316284,
    0.7473653554916382,
    0.7389531135559082,
    0.7521642446517944,
    0.7522619962692261,
    0.7509243488311768,
    0.7557467222213745,
    0.747626543045044,
    0.7514430284500122,
    0.7586902379989624,
    0.7574411630630493,
    0.7601909637451172,
    0.7500593066215515,
    0.7572039365768433,
    0.759894847869873,
    0.7701222896575928,
    0.7703670859336853,
    0.7703615427017212
  ],
  "learning_rate": [
    0.0010000000474974513,
    0.0010000000474974513,
    0.0010000000474974513,
    0.0010000000474974513,
    0.0010000000474974513,
    0.0010000000474974513,
    0.0010000000474974513,
    0.0010000000474974513,
    0.0010000000474974513,
    0.0010000000474974513,
    0.0010000000474974513,
    0.0010000000474974513,
    0.0010000000474974513,
    0.0010000000474974513,
    0.0010000000474974513,
    0.0010000000474974513,
    0.0010000000474974513,
    0.0010000000474974513,
    0.0010000000474974513,
    0.0010000000474974513,
    0.0010000000474974513,
    0.0010000000474974513,
    0.0010000000474974513,
    0.0010000000474974513,
    0.0010000000474974513,
    0.0010000000474974513,
    0.0010000000474974513,
    0.0005000000237487257,
    0.0005000000237487257,
    0.0005000000237487257
  ]
}