{
  "run_name": "RESNET50_FT_256x256_b4_aug1_ce_dice",
  "best_path": "/home/ui/PROJ9/out/experiments/RESNET50_FT_256x256_b4_aug1_ce_dice/best.keras",
  "train_time_sec": 13115.993470668793,
  "val_loss": 0.32837924361228943,
  "val_mIoU": 0.7703670859336853,
  "test_loss": 0.28852367401123047,
  "test_mIoU": 0.7885664701461792
}