{
  "run_name": "RESNET50_FT_256x256_b4_aug1_ce_dice",
  "best_path": "/home/ui/PROJ9/out/experiments/RESNET50_FT_256x256_b4_aug1_ce_dice/best.keras",
  "train_time_sec": 12978.645078420639,
  "val_loss": 0.3712274730205536,
  "val_mIoU": 0.7418296337127686,
  "test_loss": 0.33175137639045715,
  "test_mIoU": 0.7613344192504883
}