{
  "loss": [
    0.6638162136077881,
    0.47964614629745483,
    0.4440312683582306,
    0.42762893438339233,
    0.4083673357963562,
    0.39118531346321106,
    0.3911679983139038,
    0.3659560978412628,
    0.37953585386276245,
    0.3566540777683258,
    0.3627362549304962,
    0.3482937514781952,
    0.3463587462902069,
    0.3335927128791809,
    0.33790695667266846,
    0.3270683288574219,
    0.3290981650352478,
    0.31658935546875,
    0.3259461522102356
  ],
  "mIoU": [
    0.608047604560852,
    0.6880502104759216,
    0.7049051523208618,
    0.7130666971206665,
    0.7219023108482361,
    0.7320654392242432,
    0.7317690849304199,
    0.745341420173645,
    0.7395459413528442,
    0.750131368637085,
    0.7466512322425842,
    0.7549322843551636,
    0.757422924041748,
    0.7629782557487488,
    0.7613343000411987,
    0.7654169201850891,
    0.7670332193374634,
    0.7738392949104309,
    0.7670841217041016
  ],
  "val_loss": [
    0.4096774756908417,
    0.378049373626709,
    0.35458657145500183,
    0.3307342827320099,
    0.3226105868816376,
    0.3327021598815918,
    0.3143709897994995,
    0.32040300965309143,
    0.3132827877998352,
    0.29851412773132324,
    0.30541470646858215,
    0.3023817241191864,
    0.3004928231239319,
    0.29478564858436584,
    0.28992435336112976,
    0.2895760238170624,
    0.29410162568092346,
    0.2892487049102783,
    0.29255956411361694
  ],
  "val_mIoU": [
    0.7220965027809143,
    0.7451204061508179,
    0.7555056810379028,
    0.7706865072250366,
    0.7726864814758301,
    0.7709043622016907,
    0.7782773971557617,
    0.7737380266189575,
    0.7812025547027588,
    0.7866097092628479,
    0.7825931310653687,
    0.7874302864074707,
    0.7904646396636963,
    0.7914060950279236,
    0.7943103313446045,
    0.7965244054794312,
    0.7929592728614807,
    0.7963423728942871,
    0.7920799255371094
  ],
  "learning_rate": [
    0.0003000000142492354,
    0.0003000000142492354,
    0.0003000000142492354,
    0.0003000000142492354,
    0.0003000000142492354,
    0.0003000000142492354,
    0.0003000000142492354,
    0.0003000000142492354,
    0.0003000000142492354,
    0.0003000000142492354,
    0.0003000000142492354,
    0.0003000000142492354,
    0.0003000000142492354,
    0.0003000000142492354,
    0.0003000000142492354,
    0.0003000000142492354,
    0.0003000000142492354,
    0.0003000000142492354,
    0.0003000000142492354
  ]
}