{
  "loss": [
    0.7261972427368164,
    0.5791752338409424,
    0.5391601920127869,
    0.5044676065444946,
    0.48796525597572327,
    0.46932563185691833,
    0.4628213346004486,
    0.4537911117076874,
    0.4443526566028595,
    0.43603193759918213,
    0.43204745650291443,
    0.42044734954833984,
    0.4192659258842468,
    0.4058860242366791,
    0.3971337676048279,
    0.4012516438961029,
    0.4033047556877136,
    0.38625478744506836,
    0.3886900842189789,
    0.391752690076828,
    0.3926199674606323,
    0.376756876707077,
    0.3614259660243988,
    0.36125296354293823,
    0.35620206594467163,
    0.35058948397636414,
    0.3488771915435791,
    0.3464198708534241,
    0.3451830744743347,
    0.3433926999568939,
    0.34271639585494995,
    0.3402065634727478,
    0.3440091013908386,
    0.33865392208099365,
    0.3282594680786133,
    0.3268522620201111,
    0.3153306841850281,
    0.33078938722610474,
    0.32168063521385193,
    0.3240519165992737
  ],
  "mIoU": [
    0.5522220134735107,
    0.6258473992347717,
    0.6473300457000732,
    0.6638377904891968,
    0.6718902587890625,
    0.6819930076599121,
    0.684709906578064,
    0.6916838884353638,
    0.6953808069229126,
    0.7000647187232971,
    0.7029922008514404,
    0.7090125679969788,
    0.7084423303604126,
    0.715657114982605,
    0.7206690311431885,
    0.7189108729362488,
    0.7169135808944702,
    0.7257561683654785,
    0.7257589101791382,
    0.7237162590026855,
    0.7235077619552612,
    0.7317714691162109,
    0.7399316430091858,
    0.738942563533783,
    0.7425928711891174,
    0.745050847530365,
    0.7461707592010498,
    0.748358428478241,
    0.7490850687026978,
    0.7493159770965576,
    0.750305712223053,
    0.7520277500152588,
    0.7506247758865356,
    0.7527996301651001,
    0.7569330930709839,
    0.7600030899047852,
    0.7656250596046448,
    0.757204532623291,
    0.7617835998535156,
    0.7598212957382202
  ],
  "val_loss": [
    0.5091819167137146,
    0.49809396266937256,
    0.4430704712867737,
    0.4312988817691803,
    0.42572852969169617,
    0.4069725573062897,
    0.3980563282966614,
    0.3975966274738312,
    0.38674938678741455,
    0.38737747073173523,
    0.3873828053474426,
    0.3755415678024292,
    0.38396334648132324,
    0.3790573477745056,
    0.3781196177005768,
    0.37073493003845215,
    0.36330628395080566,
    0.3666843771934509,
    0.3673187494277954,
    0.3605746328830719,
    0.3622809052467346,
    0.36293572187423706,
    0.35588085651397705,
    0.3536682724952698,
    0.3548656702041626,
    0.354471892118454,
    0.3527807593345642,
    0.3536772131919861,
    0.356624037027359,
    0.35634157061576843,
    0.3569309413433075,
    0.359707236289978,
    0.3549993336200714,
    0.35085558891296387,
    0.35335153341293335,
    0.3536088764667511,
    0.35732918977737427,
    0.35562148690223694,
    0.3553343713283539,
    0.3521445393562317
  ],
  "val_mIoU": [
    0.6708782911300659,
    0.6705864667892456,
    0.7024452090263367,
    0.7035797834396362,
    0.7057195901870728,
    0.7228461503982544,
    0.7250495553016663,
    0.7243273854255676,
    0.7265423536300659,
    0.7303885817527771,
    0.7337883710861206,
    0.7349879145622253,
    0.7335522770881653,
    0.7403327226638794,
    0.7406322956085205,
    0.739016592502594,
    0.7444180250167847,
    0.7425311207771301,
    0.7448657751083374,
    0.7433620691299438,
    0.7445133924484253,
    0.7434406280517578,
    0.750375509262085,
    0.7509267330169678,
    0.751326322555542,
    0.7527799606323242,
    0.7527493238449097,
    0.7536872625350952,
    0.7527328729629517,
    0.7541259527206421,
    0.7528160810470581,
    0.7526843547821045,
    0.7532768249511719,
    0.7560147643089294,
    0.7557379007339478,
    0.7561284303665161,
    0.7559064626693726,
    0.7565838098526001,
    0.7569441199302673,
    0.7567717432975769
  ],
  "learning_rate": [
    0.0010000000474974513,
    0.0010000000474974513,
    0.0010000000474974513,
    0.0010000000474974513,
    0.0010000000474974513,
    0.0010000000474974513,
    0.0010000000474974513,
    0.0010000000474974513,
    0.0010000000474974513,
    0.0010000000474974513,
    0.0010000000474974513,
    0.0010000000474974513,
    0.0010000000474974513,
    0.0010000000474974513,
    0.0010000000474974513,
    0.0010000000474974513,
    0.0010000000474974513,
    0.0010000000474974513,
    0.0010000000474974513,
    0.0010000000474974513,
    0.0010000000474974513,
    0.0010000000474974513,
    0.0005000000237487257,
    0.0005000000237487257,
    0.0005000000237487257,
    0.0005000000237487257,
    0.0005000000237487257,
    0.0005000000237487257,
    0.0005000000237487257,
    0.0005000000237487257,
    0.0005000000237487257,
    0.0005000000237487257,
    0.0005000000237487257,
    0.0002500000118743628,
    0.0002500000118743628,
    0.0002500000118743628,
    0.0002500000118743628,
    0.0002500000118743628,
    0.0002500000118743628,
    0.0002500000118743628
  ]
}