{
  "loss": [
    0.7262254953384399,
    0.5883633494377136,
    0.5531586408615112,
    0.5164057612419128,
    0.5000239014625549,
    0.4814280867576599,
    0.47113072872161865,
    0.4578012228012085,
    0.4538424015045166,
    0.449135959148407,
    0.4320855140686035,
    0.4385349452495575,
    0.43259719014167786,
    0.42362233996391296,
    0.41456249356269836,
    0.41628119349479675,
    0.41340914368629456,
    0.40456733107566833,
    0.4004006087779999,
    0.4022008180618286,
    0.3893803358078003,
    0.3953465223312378,
    0.3831900358200073,
    0.38296735286712646,
    0.38236239552497864,
    0.380100280046463,
    0.3606486916542053,
    0.35775309801101685,
    0.34963130950927734,
    0.34784135222435,
    0.342471182346344,
    0.3402785360813141,
    0.3343842029571533,
    0.3288923501968384,
    0.3349946439266205,
    0.3295866847038269,
    0.3327709138393402,
    0.32491615414619446,
    0.3286583423614502,
    0.3222638666629791
  ],
  "mIoU": [
    0.5507460832595825,
    0.6189914345741272,
    0.6355452537536621,
    0.6547000408172607,
    0.6635160446166992,
    0.6751546263694763,
    0.6791810989379883,
    0.6863487958908081,
    0.6890527606010437,
    0.6901930570602417,
    0.7002242803573608,
    0.6961401104927063,
    0.7009978890419006,
    0.7050526142120361,
    0.7107952833175659,
    0.7096984386444092,
    0.7097375988960266,
    0.7170405387878418,
    0.71781325340271,
    0.7178287506103516,
    0.7245111465454102,
    0.7228962779045105,
    0.7281960248947144,
    0.7276302576065063,
    0.7285655736923218,
    0.7280988693237305,
    0.7386465072631836,
    0.7405744791030884,
    0.7453510761260986,
    0.7460711598396301,
    0.7502032518386841,
    0.7507842779159546,
    0.7542521953582764,
    0.7575799226760864,
    0.7554603815078735,
    0.7558919191360474,
    0.7554901838302612,
    0.7588246464729309,
    0.7578691244125366,
    0.7618170976638794
  ],
  "val_loss": [
    0.5745032429695129,
    0.5168267488479614,
    0.4838546812534332,
    0.45895373821258545,
    0.4515689015388489,
    0.4459744691848755,
    0.4451189935207367,
    0.43554142117500305,
    0.438040554523468,
    0.4227348864078522,
    0.4104578495025635,
    0.4179443120956421,
    0.4038681983947754,
    0.4020194411277771,
    0.4043149948120117,
    0.4017694592475891,
    0.39353233575820923,
    0.393171489238739,
    0.39998874068260193,
    0.39602553844451904,
    0.39848801493644714,
    0.38693052530288696,
    0.3898303806781769,
    0.389109343290329,
    0.38741886615753174,
    0.3962695002555847,
    0.37835758924484253,
    0.3776041567325592,
    0.3815020024776459,
    0.38305172324180603,
    0.37907111644744873,
    0.3775945007801056,
    0.3719837963581085,
    0.37841796875,
    0.3783940076828003,
    0.38054612278938293,
    0.3765541911125183,
    0.37573835253715515,
    0.3776632249355316,
    0.3740164637565613
  ],
  "val_mIoU": [
    0.6302798390388489,
    0.6676226854324341,
    0.6838254928588867,
    0.6885697245597839,
    0.7009130716323853,
    0.6960087418556213,
    0.6996383666992188,
    0.7075316905975342,
    0.7063449621200562,
    0.7175428867340088,
    0.7213640213012695,
    0.7179752588272095,
    0.7250033020973206,
    0.7241730690002441,
    0.7244678139686584,
    0.7253646850585938,
    0.7294511795043945,
    0.7291983366012573,
    0.7307727336883545,
    0.733339250087738,
    0.7223273515701294,
    0.7333489656448364,
    0.7379149198532104,
    0.7375023365020752,
    0.7344033122062683,
    0.7310479879379272,
    0.7443347573280334,
    0.7419861555099487,
    0.740463137626648,
    0.7434077262878418,
    0.7427831888198853,
    0.7438074946403503,
    0.7462317943572998,
    0.745661735534668,
    0.7449134588241577,
    0.7436574101448059,
    0.7466057538986206,
    0.7464498281478882,
    0.7454445362091064,
    0.7469061613082886
  ],
  "learning_rate": [
    0.0010000000474974513,
    0.0010000000474974513,
    0.0010000000474974513,
    0.0010000000474974513,
    0.0010000000474974513,
    0.0010000000474974513,
    0.0010000000474974513,
    0.0010000000474974513,
    0.0010000000474974513,
    0.0010000000474974513,
    0.0010000000474974513,
    0.0010000000474974513,
    0.0010000000474974513,
    0.0010000000474974513,
    0.0010000000474974513,
    0.0010000000474974513,
    0.0010000000474974513,
    0.0010000000474974513,
    0.0010000000474974513,
    0.0010000000474974513,
    0.0010000000474974513,
    0.0010000000474974513,
    0.0010000000474974513,
    0.0010000000474974513,
    0.0010000000474974513,
    0.0010000000474974513,
    0.0005000000237487257,
    0.0005000000237487257,
    0.0005000000237487257,
    0.0005000000237487257,
    0.0002500000118743628,
    0.0002500000118743628,
    0.0002500000118743628,
    0.0002500000118743628,
    0.0002500000118743628,
    0.0002500000118743628,
    0.0001250000059371814,
    0.0001250000059371814,
    0.0001250000059371814,
    0.0001250000059371814
  ]
}