{
  "run_name": "RESNET50_FROZEN_256x256_b4_aug1_ce_dice",
  "best_path": "/home/ui/PROJ9/out/experiments/RESNET50_FROZEN_256x256_b4_aug1_ce_dice/best.keras",
  "train_time_sec": 11520.531383275986,
  "val_loss": 0.3740164637565613,
  "val_mIoU": 0.7469061613082886,
  "test_loss": 0.33218780159950256,
  "test_mIoU": 0.7642046213150024
}