{
  "run_name": "RESNET50_FROZEN_256x256_b4_aug1_ce_dice",
  "best_path": "/home/ui/PROJ9/out/experiments/RESNET50_FROZEN_256x256_b4_aug1_ce_dice/best.keras",
  "train_time_sec": 15422.44820189476,
  "val_loss": 0.3553343713283539,
  "val_mIoU": 0.7569441199302673,
  "test_loss": 0.3215671181678772,
  "test_mIoU": 0.7715503573417664
}