{
  "loss": [
    1.0373260974884033,
    0.7795574069023132,
    0.711674153804779,
    0.6588317155838013,
    0.6265455484390259,
    0.594016969203949,
    0.5739492177963257,
    0.5505626797676086,
    0.5426637530326843,
    0.5263623595237732
  ],
  "mIoU": [
    0.4176791310310364,
    0.5156674385070801,
    0.551377534866333,
    0.5800463557243347,
    0.5986685156822205,
    0.6133753657341003,
    0.6255930066108704,
    0.6373751759529114,
    0.640735387802124,
    0.6502110958099365
  ],
  "val_loss": [
    1.0315145254135132,
    0.6832256317138672,
    0.6603740453720093,
    0.5959616303443909,
    0.5592398643493652,
    0.5347128510475159,
    0.5337923765182495,
    0.6035791635513306,
    0.5279631614685059,
    0.5261054039001465
  ],
  "val_mIoU": [
    0.42013803124427795,
    0.568504810333252,
    0.5862720012664795,
    0.6005265712738037,
    0.6395267248153687,
    0.6511251926422119,
    0.6496635675430298,
    0.628558874130249,
    0.6547555923461914,
    0.6593362092971802
  ],
  "learning_rate": [
    0.0010000000474974513,
    0.0010000000474974513,
    0.0010000000474974513,
    0.0010000000474974513,
    0.0010000000474974513,
    0.0010000000474974513,
    0.0010000000474974513,
    0.0010000000474974513,
    0.0010000000474974513,
    0.0010000000474974513
  ]
}