{
  "run_name": "UNET_SCRATCH_256x256_b4_aug1_rep1_ce_dice_e10_seed42",
  "best_path": "/home/ui/PROJ8/out/experiments/UNET_SCRATCH_256x256_b4_aug1_rep1_ce_dice_e10_seed42.keras",
  "train_time_sec": 2958.684038877487,
  "val_loss": 0.5261054039001465,
  "val_mIoU": 0.6593362092971802,
  "test_loss": 0.47032541036605835,
  "test_mIoU": 0.6814644932746887
}