{
  "loss": [
    0.7085536122322083,
    0.590369701385498,
    0.5470902919769287,
    0.5347917079925537,
    0.5192040801048279,
    0.5047105550765991,
    0.49575600028038025,
    0.4962257146835327,
    0.4822942614555359,
    0.4762159287929535,
    0.471087247133255,
    0.47786587476730347,
    0.4648147225379944,
    0.4580593705177307,
    0.4579968750476837,
    0.45731109380722046,
    0.448675274848938,
    0.4453360438346863,
    0.4355168044567108,
    0.442918986082077,
    0.44126638770103455,
    0.4385718107223511,
    0.42753976583480835,
    0.42880839109420776,
    0.4387354850769043,
    0.4265557527542114,
    0.40498191118240356,
    0.397653192281723,
    0.3939032256603241,
    0.39031660556793213
  ],
  "mIoU": [
    0.555091142654419,
    0.610771119594574,
    0.6306994557380676,
    0.6394846439361572,
    0.6455358266830444,
    0.6541123390197754,
    0.6585631370544434,
    0.6586447954177856,
    0.6655199527740479,
    0.6688600778579712,
    0.6718995571136475,
    0.6680270433425903,
    0.6753341555595398,
    0.6785032749176025,
    0.6778043508529663,
    0.6782903075218201,
    0.6826620697975159,
    0.684384822845459,
    0.6897083520889282,
    0.6864191889762878,
    0.686707615852356,
    0.6886056661605835,
    0.6937763690948486,
    0.693211019039154,
    0.6879440546035767,
    0.6940446496009827,
    0.7057531476020813,
    0.7101148366928101,
    0.711560845375061,
    0.7138041257858276
  ],
  "val_loss": [
    0.5501400232315063,
    0.5283478498458862,
    0.4958134591579437,
    0.4882148802280426,
    0.4958292543888092,
    0.4834340214729309,
    0.47366032004356384,
    0.47629114985466003,
    0.44417357444763184,
    0.4432589113712311,
    0.4564201533794403,
    0.44894081354141235,
    0.4615703523159027,
    0.44455453753471375,
    0.4403865933418274,
    0.4424273669719696,
    0.43284884095191956,
    0.44271475076675415,
    0.43270477652549744,
    0.4686160385608673,
    0.42292317748069763,
    0.4322987496852875,
    0.42286407947540283,
    0.4219193756580353,
    0.4303020238876343,
    0.428506463766098,
    0.4088887870311737,
    0.4079729914665222,
    0.40604904294013977,
    0.40631169080734253
  ],
  "val_mIoU": [
    0.6360689401626587,
    0.6430144309997559,
    0.6608662605285645,
    0.6611751317977905,
    0.6588484048843384,
    0.6645873785018921,
    0.6767079830169678,
    0.676079511642456,
    0.6877445578575134,
    0.6887372732162476,
    0.6838762760162354,
    0.6904335618019104,
    0.6824522614479065,
    0.6901788711547852,
    0.6928209066390991,
    0.6922703981399536,
    0.696124792098999,
    0.6913288831710815,
    0.6975292563438416,
    0.6786520481109619,
    0.699823260307312,
    0.6982418894767761,
    0.7041837573051453,
    0.70223468542099,
    0.6977652311325073,
    0.6981096267700195,
    0.7095831632614136,
    0.7104241847991943,
    0.7114995718002319,
    0.7130504250526428
  ],
  "learning_rate": [
    0.0005000000237487257,
    0.0005000000237487257,
    0.0005000000237487257,
    0.0005000000237487257,
    0.0005000000237487257,
    0.0005000000237487257,
    0.0005000000237487257,
    0.0005000000237487257,
    0.0005000000237487257,
    0.0005000000237487257,
    0.0005000000237487257,
    0.0005000000237487257,
    0.0005000000237487257,
    0.0005000000237487257,
    0.0005000000237487257,
    0.0005000000237487257,
    0.0005000000237487257,
    0.0005000000237487257,
    0.0005000000237487257,
    0.0005000000237487257,
    0.0005000000237487257,
    0.0005000000237487257,
    0.0005000000237487257,
    0.0005000000237487257,
    0.0005000000237487257,
    0.0005000000237487257,
    0.0002500000118743628,
    0.0002500000118743628,
    0.0002500000118743628,
    0.0002500000118743628
  ]
}