{
  "loss": [
    0.5390331149101257,
    0.38675931096076965,
    0.35101327300071716,
    0.3057725429534912,
    0.29432517290115356,
    0.29397502541542053,
    0.2721533179283142,
    0.2685568034648895,
    0.263750821352005,
    0.24773205816745758,
    0.24735410511493683,
    0.2373746782541275,
    0.24238191545009613,
    0.2391432374715805,
    0.223051056265831,
    0.22859932482242584,
    0.22968855500221252,
    0.21466603875160217,
    0.21644186973571777,
    0.2093673199415207
  ],
  "mIoU": [
    0.6595616340637207,
    0.734630823135376,
    0.7543463706970215,
    0.7770959138870239,
    0.7843295335769653,
    0.7849413156509399,
    0.7972577810287476,
    0.7996804714202881,
    0.8009322881698608,
    0.8109561800956726,
    0.8122881650924683,
    0.8174231648445129,
    0.8148013353347778,
    0.8180862665176392,
    0.8251989483833313,
    0.8237850666046143,
    0.8236069679260254,
    0.8316547870635986,
    0.8309953212738037,
    0.8342673778533936
  ],
  "val_loss": [
    0.36640071868896484,
    0.3380185663700104,
    0.3069944679737091,
    0.28223398327827454,
    0.27870920300483704,
    0.27728909254074097,
    0.2718191146850586,
    0.2995540499687195,
    0.2820681035518646,
    0.27647361159324646,
    0.26554131507873535,
    0.2580542266368866,
    0.2599785625934601,
    0.25819921493530273,
    0.2578956186771393,
    0.2569490969181061,
    0.26016953587532043,
    0.2582632303237915,
    0.25546467304229736,
    0.261525958776474
  ],
  "val_mIoU": [
    0.7532472610473633,
    0.76872718334198,
    0.7887172102928162,
    0.7969600558280945,
    0.8023637533187866,
    0.8028298616409302,
    0.8076584339141846,
    0.7950701713562012,
    0.8049103617668152,
    0.8094345331192017,
    0.8120032548904419,
    0.8166662454605103,
    0.8136913776397705,
    0.8193467855453491,
    0.820721447467804,
    0.8227294683456421,
    0.8205645084381104,
    0.8218754529953003,
    0.8247163891792297,
    0.8255760073661804
  ],
  "learning_rate": [
    0.0003000000142492354,
    0.0003000000142492354,
    0.0003000000142492354,
    0.0003000000142492354,
    0.0003000000142492354,
    0.0003000000142492354,
    0.0003000000142492354,
    0.0003000000142492354,
    0.0003000000142492354,
    0.0003000000142492354,
    0.0003000000142492354,
    0.0003000000142492354,
    0.0003000000142492354,
    0.0003000000142492354,
    0.0003000000142492354,
    0.0003000000142492354,
    0.0003000000142492354,
    0.0003000000142492354,
    0.0003000000142492354,
    0.0003000000142492354
  ]
}