{
  "loss": [
    0.8078089356422424,
    0.6684215068817139,
    0.6275425553321838,
    0.5935638546943665,
    0.5752390027046204,
    0.5529890656471252,
    0.5518991947174072,
    0.5301445126533508,
    0.5197604894638062,
    0.5098900198936462,
    0.5110527873039246,
    0.5041335225105286,
    0.491973876953125,
    0.4869418144226074,
    0.482685923576355,
    0.4718640148639679,
    0.4749819040298462,
    0.46388453245162964,
    0.46227365732192993,
    0.4573979675769806,
    0.44759219884872437,
    0.4453103542327881,
    0.4388623535633087,
    0.42935389280319214,
    0.42830657958984375,
    0.40362170338630676,
    0.4047732651233673,
    0.4031740725040436,
    0.3994802236557007,
    0.3989750146865845,
    0.39799195528030396,
    0.38214096426963806,
    0.38000813126564026,
    0.37672194838523865,
    0.36730027198791504,
    0.3705176115036011,
    0.3679492175579071,
    0.36390161514282227,
    0.36424145102500916,
    0.36581113934516907
  ],
  "mIoU": [
    0.5185074806213379,
    0.5816679000854492,
    0.6031270027160645,
    0.6202884912490845,
    0.6285978555679321,
    0.6394768953323364,
    0.6423488855361938,
    0.6528578996658325,
    0.6584943532943726,
    0.6626390814781189,
    0.6637732982635498,
    0.6673541069030762,
    0.6732199192047119,
    0.6761913299560547,
    0.6789090633392334,
    0.6843428611755371,
    0.683808445930481,
    0.6884627938270569,
    0.6895923018455505,
    0.6922571063041687,
    0.6966019868850708,
    0.6972216367721558,
    0.7030404806137085,
    0.7065776586532593,
    0.7090936899185181,
    0.7220450639724731,
    0.7204917073249817,
    0.7223490476608276,
    0.7240291237831116,
    0.7224446535110474,
    0.725291907787323,
    0.7327940464019775,
    0.7336176633834839,
    0.7363941669464111,
    0.7426266670227051,
    0.7402617931365967,
    0.7415059208869934,
    0.7420961856842041,
    0.7413537502288818,
    0.7418645024299622
  ],
  "val_loss": [
    0.6445848345756531,
    0.575324296951294,
    0.5759536027908325,
    0.5568437576293945,
    0.517951488494873,
    0.5002084374427795,
    0.4939362108707428,
    0.48314809799194336,
    0.485811710357666,
    0.4807371497154236,
    0.47209790349006653,
    0.4839220941066742,
    0.48010462522506714,
    0.4717903733253479,
    0.4720323085784912,
    0.4667573571205139,
    0.46580883860588074,
    0.4608045816421509,
    0.4736780822277069,
    0.45063406229019165,
    0.44708052277565,
    0.44304972887039185,
    0.46687832474708557,
    0.4578729569911957,
    0.446841835975647,
    0.43535298109054565,
    0.4408532679080963,
    0.4249940514564514,
    0.43600910902023315,
    0.4345318675041199,
    0.4316226840019226,
    0.4311401844024658,
    0.4354816675186157,
    0.43039262294769287,
    0.4291360378265381,
    0.4308357238769531,
    0.4299018979072571,
    0.4287886917591095,
    0.4333636164665222,
    0.42953169345855713
  ],
  "val_mIoU": [
    0.5988762378692627,
    0.6337814927101135,
    0.6250935196876526,
    0.6460145115852356,
    0.6607202887535095,
    0.6729696989059448,
    0.6760646104812622,
    0.6802586317062378,
    0.6748709678649902,
    0.6831544637680054,
    0.6883581280708313,
    0.6874250173568726,
    0.6810380220413208,
    0.694007396697998,
    0.6907883882522583,
    0.6932158470153809,
    0.6991325616836548,
    0.6957929134368896,
    0.6877427101135254,
    0.7034581899642944,
    0.7035393118858337,
    0.70575350522995,
    0.6978499293327332,
    0.7011880874633789,
    0.701627254486084,
    0.7092463970184326,
    0.7075663208961487,
    0.7155807614326477,
    0.7097956538200378,
    0.706994891166687,
    0.712701141834259,
    0.7145403623580933,
    0.7120152711868286,
    0.7156258821487427,
    0.7163040637969971,
    0.7163015604019165,
    0.7159746885299683,
    0.7170036435127258,
    0.7157632112503052,
    0.7169533967971802
  ],
  "learning_rate": [
    0.0010000000474974513,
    0.0010000000474974513,
    0.0010000000474974513,
    0.0010000000474974513,
    0.0010000000474974513,
    0.0010000000474974513,
    0.0010000000474974513,
    0.0010000000474974513,
    0.0010000000474974513,
    0.0010000000474974513,
    0.0010000000474974513,
    0.0010000000474974513,
    0.0010000000474974513,
    0.0010000000474974513,
    0.0010000000474974513,
    0.0010000000474974513,
    0.0010000000474974513,
    0.0010000000474974513,
    0.0010000000474974513,
    0.0010000000474974513,
    0.0010000000474974513,
    0.0010000000474974513,
    0.0010000000474974513,
    0.0010000000474974513,
    0.0010000000474974513,
    0.0005000000237487257,
    0.0005000000237487257,
    0.0005000000237487257,
    0.0005000000237487257,
    0.0005000000237487257,
    0.0005000000237487257,
    0.0002500000118743628,
    0.0002500000118743628,
    0.0002500000118743628,
    0.0001250000059371814,
    0.0001250000059371814,
    0.0001250000059371814,
    0.0001250000059371814,
    0.0001250000059371814,
    0.0001250000059371814
  ]
}