{
  "loss": [
    0.6853004693984985,
    0.5041863918304443,
    0.4609799087047577,
    0.4425655007362366,
    0.41629621386528015,
    0.39958274364471436,
    0.3847908675670624,
    0.38151609897613525,
    0.3712230920791626,
    0.36338767409324646,
    0.36572980880737305,
    0.36285078525543213,
    0.3525901138782501,
    0.3391416370868683,
    0.34438085556030273,
    0.33561840653419495
  ],
  "mIoU": [
    0.5978665351867676,
    0.6738095879554749,
    0.6921889185905457,
    0.7015566825866699,
    0.7137086391448975,
    0.7227343320846558,
    0.7305195927619934,
    0.7339354753494263,
    0.7389883995056152,
    0.7411239743232727,
    0.7420288920402527,
    0.7417888641357422,
    0.7483905553817749,
    0.7574747800827026,
    0.7539892792701721,
    0.7581503987312317
  ],
  "val_loss": [
    0.4657747745513916,
    0.4045153558254242,
    0.3870600163936615,
    0.3662759065628052,
    0.3597373068332672,
    0.3562772274017334,
    0.3464088439941406,
    0.35061368346214294,
    0.33502843976020813,
    0.32175570726394653,
    0.3399582803249359,
    0.33244451880455017,
    0.31981438398361206,
    0.3216760754585266,
    0.3209109902381897,
    0.3445952832698822
  ],
  "val_mIoU": [
    0.7037152051925659,
    0.727932333946228,
    0.7383661866188049,
    0.7495912909507751,
    0.7510308027267456,
    0.7518584728240967,
    0.7580776214599609,
    0.75938880443573,
    0.7632255554199219,
    0.7723257541656494,
    0.7614037990570068,
    0.7689433693885803,
    0.7753569483757019,
    0.7725375294685364,
    0.7752479314804077,
    0.7715304493904114
  ],
  "learning_rate": [
    0.0003000000142492354,
    0.0003000000142492354,
    0.0003000000142492354,
    0.0003000000142492354,
    0.0003000000142492354,
    0.0003000000142492354,
    0.0003000000142492354,
    0.0003000000142492354,
    0.0003000000142492354,
    0.0003000000142492354,
    0.0003000000142492354,
    0.0003000000142492354,
    0.0003000000142492354,
    0.0003000000142492354,
    0.0003000000142492354,
    0.0003000000142492354
  ]
}