{
  "loss": [
    0.8286719918251038,
    0.6229219436645508,
    0.5396976470947266,
    0.5062066316604614,
    0.4742216169834137,
    0.44619494676589966,
    0.4348274767398834,
    0.4296599328517914,
    0.40524008870124817,
    0.38531461358070374,
    0.3880792558193207,
    0.37631404399871826,
    0.3647080063819885,
    0.3611052334308624,
    0.35200950503349304,
    0.3462531268596649,
    0.3426434397697449,
    0.33877241611480713,
    0.32579702138900757,
    0.33084985613822937
  ],
  "mIoU": [
    0.5086990594863892,
    0.6057072877883911,
    0.6480363607406616,
    0.6675803661346436,
    0.6833291053771973,
    0.6985880136489868,
    0.7086340188980103,
    0.7107342481613159,
    0.7243152856826782,
    0.7348969578742981,
    0.7348095178604126,
    0.7409325838088989,
    0.7477432489395142,
    0.749319851398468,
    0.7534360885620117,
    0.7571656703948975,
    0.7601425647735596,
    0.762814998626709,
    0.7695562839508057,
    0.7657116055488586
  ],
  "val_loss": [
    0.5909411907196045,
    0.5046402215957642,
    0.4430099427700043,
    0.49027299880981445,
    0.4616427719593048,
    0.4095366299152374,
    0.40404364466667175,
    0.3536393642425537,
    0.3626113831996918,
    0.34000083804130554,
    0.33670422434806824,
    0.32091182470321655,
    0.35692301392555237,
    0.34018847346305847,
    0.3063862919807434,
    0.339883953332901,
    0.3078615367412567,
    0.3234739601612091,
    0.3095040023326874,
    0.29462549090385437
  ],
  "val_mIoU": [
    0.6035269498825073,
    0.6675429344177246,
    0.6996166706085205,
    0.6785460710525513,
    0.7025504112243652,
    0.7285833358764648,
    0.7237964868545532,
    0.7573621869087219,
    0.7531719207763672,
    0.7675782442092896,
    0.766577959060669,
    0.776146650314331,
    0.7601763010025024,
    0.7661198973655701,
    0.7875738739967346,
    0.7671636343002319,
    0.7898620367050171,
    0.7805131673812866,
    0.788060188293457,
    0.7970172762870789
  ],
  "learning_rate": [
    0.0003000000142492354,
    0.0003000000142492354,
    0.0003000000142492354,
    0.0003000000142492354,
    0.0003000000142492354,
    0.0003000000142492354,
    0.0003000000142492354,
    0.0003000000142492354,
    0.0003000000142492354,
    0.0003000000142492354,
    0.0003000000142492354,
    0.0003000000142492354,
    0.0003000000142492354,
    0.0003000000142492354,
    0.0003000000142492354,
    0.0003000000142492354,
    0.0003000000142492354,
    0.0003000000142492354,
    0.0003000000142492354,
    0.0003000000142492354
  ]
}