{
  "loss": [
    0.6808010339736938,
    0.5709546804428101,
    0.5529778003692627,
    0.5383417010307312,
    0.516425609588623,
    0.5104422569274902,
    0.5034740567207336,
    0.49188053607940674,
    0.4808964431285858,
    0.4823629558086395,
    0.47160932421684265,
    0.47143012285232544,
    0.4659840762615204,
    0.462228924036026,
    0.45676305890083313,
    0.44738632440567017,
    0.44321945309638977,
    0.44833090901374817,
    0.44347915053367615,
    0.43727433681488037,
    0.4344114661216736,
    0.43720558285713196,
    0.42836838960647583,
    0.42446449398994446,
    0.4038485586643219,
    0.3951817452907562,
    0.396472692489624,
    0.39215317368507385,
    0.3872077465057373,
    0.3857349157333374,
    0.3817668855190277,
    0.38858771324157715,
    0.3731910288333893,
    0.37000423669815063,
    0.3688037693500519,
    0.35965514183044434,
    0.3651629686355591,
    0.36255425214767456,
    0.3642238974571228,
    0.35937562584877014
  ],
  "mIoU": [
    0.5686283707618713,
    0.6201533675193787,
    0.629408597946167,
    0.6371138095855713,
    0.6473587155342102,
    0.6514121294021606,
    0.6546688675880432,
    0.6616555452346802,
    0.6659834384918213,
    0.6655027866363525,
    0.6714193224906921,
    0.6710425615310669,
    0.6746092438697815,
    0.6766797304153442,
    0.6790658235549927,
    0.6826451420783997,
    0.6853150129318237,
    0.6838666796684265,
    0.686080813407898,
    0.6886890530586243,
    0.6911647319793701,
    0.6886945962905884,
    0.6939526796340942,
    0.6954843997955322,
    0.7062893509864807,
    0.711173951625824,
    0.7095556855201721,
    0.7125251293182373,
    0.7160933017730713,
    0.7164210081100464,
    0.7190457582473755,
    0.7138967514038086,
    0.7225837707519531,
    0.7233576774597168,
    0.724664568901062,
    0.7289509773254395,
    0.7265656590461731,
    0.7274378538131714,
    0.7267724275588989,
    0.7301915884017944
  ],
  "val_loss": [
    0.5830754637718201,
    0.5120592713356018,
    0.5094897747039795,
    0.49884647130966187,
    0.4803580641746521,
    0.46840259432792664,
    0.4971761703491211,
    0.4778420627117157,
    0.45616984367370605,
    0.46950510144233704,
    0.45163610577583313,
    0.452065646648407,
    0.450104296207428,
    0.45074084401130676,
    0.4417702555656433,
    0.4394408166408539,
    0.4397333860397339,
    0.43767622113227844,
    0.4671792984008789,
    0.4270224869251251,
    0.4274860918521881,
    0.42670610547065735,
    0.4267267882823944,
    0.43194514513015747,
    0.4114147424697876,
    0.4067257046699524,
    0.41128894686698914,
    0.40528663992881775,
    0.41852933168411255,
    0.4041288495063782,
    0.40286093950271606,
    0.40347644686698914,
    0.402275413274765,
    0.39686161279678345,
    0.3958805501461029,
    0.3954932689666748,
    0.39446699619293213,
    0.3940642774105072,
    0.3919050693511963,
    0.39362606406211853
  ],
  "val_mIoU": [
    0.6120771765708923,
    0.6509304046630859,
    0.6517660617828369,
    0.6632235646247864,
    0.670456051826477,
    0.6766332983970642,
    0.6640755534172058,
    0.6760421991348267,
    0.6803379058837891,
    0.6730450987815857,
    0.6898210048675537,
    0.690902590751648,
    0.6891554594039917,
    0.6878052353858948,
    0.6926902532577515,
    0.6867308616638184,
    0.6980530023574829,
    0.6932184100151062,
    0.6795903444290161,
    0.6991145610809326,
    0.7025653123855591,
    0.7009660005569458,
    0.7006696462631226,
    0.6965306997299194,
    0.7090071439743042,
    0.7109837532043457,
    0.7104995250701904,
    0.713044285774231,
    0.7084691524505615,
    0.7149015665054321,
    0.7147747874259949,
    0.7137537002563477,
    0.7140889167785645,
    0.7178136110305786,
    0.7181664705276489,
    0.7200452089309692,
    0.7205591797828674,
    0.7186283469200134,
    0.7210680842399597,
    0.7201076745986938
  ],
  "learning_rate": [
    0.0005000000237487257,
    0.0005000000237487257,
    0.0005000000237487257,
    0.0005000000237487257,
    0.0005000000237487257,
    0.0005000000237487257,
    0.0005000000237487257,
    0.0005000000237487257,
    0.0005000000237487257,
    0.0005000000237487257,
    0.0005000000237487257,
    0.0005000000237487257,
    0.0005000000237487257,
    0.0005000000237487257,
    0.0005000000237487257,
    0.0005000000237487257,
    0.0005000000237487257,
    0.0005000000237487257,
    0.0005000000237487257,
    0.0005000000237487257,
    0.0005000000237487257,
    0.0005000000237487257,
    0.0005000000237487257,
    0.0005000000237487257,
    0.0002500000118743628,
    0.0002500000118743628,
    0.0002500000118743628,
    0.0002500000118743628,
    0.0002500000118743628,
    0.0002500000118743628,
    0.0002500000118743628,
    0.0002500000118743628,
    0.0002500000118743628,
    0.0001250000059371814,
    0.0001250000059371814,
    0.0001250000059371814,
    0.0001250000059371814,
    0.0001250000059371814,
    0.0001250000059371814,
    0.0001250000059371814
  ]
}