{
  "loss": [
    0.8265582919120789,
    0.6388772130012512,
    0.6132165789604187,
    0.574041485786438,
    0.5536928772926331,
    0.5384255051612854,
    0.5286386013031006,
    0.5219075679779053,
    0.5030405521392822,
    0.49307113885879517,
    0.4862574338912964,
    0.47618433833122253,
    0.47630825638771057,
    0.45928114652633667,
    0.46309342980384827,
    0.45629826188087463,
    0.44669610261917114,
    0.4449978768825531,
    0.44443026185035706,
    0.4350809156894684
  ],
  "mIoU": [
    0.5227712392807007,
    0.6066853404045105,
    0.6197885274887085,
    0.638300895690918,
    0.6460057497024536,
    0.6563332080841064,
    0.6595115065574646,
    0.6651709675788879,
    0.6729136109352112,
    0.6779131889343262,
    0.6833858489990234,
    0.688035249710083,
    0.6894738078117371,
    0.697131335735321,
    0.6950470209121704,
    0.698563814163208,
    0.7034183740615845,
    0.7048079967498779,
    0.705775260925293,
    0.709406852722168
  ],
  "val_loss": [
    0.6334309577941895,
    0.5407049655914307,
    0.5119218230247498,
    0.49078455567359924,
    0.4746447503566742,
    0.49926429986953735,
    0.46491870284080505,
    0.4922378361225128,
    0.45638176798820496,
    0.4412454664707184,
    0.4366762936115265,
    0.4435518980026245,
    0.4329153895378113,
    0.4247995913028717,
    0.42837050557136536,
    0.42113417387008667,
    0.4122028648853302,
    0.44471824169158936,
    0.4103411138057709,
    0.40971168875694275
  ],
  "val_mIoU": [
    0.61180579662323,
    0.6551728844642639,
    0.6747982501983643,
    0.6828034520149231,
    0.6922380924224854,
    0.6788344979286194,
    0.6963545083999634,
    0.6860368251800537,
    0.6972448825836182,
    0.7082847356796265,
    0.7134391665458679,
    0.7084983587265015,
    0.717548131942749,
    0.7174663543701172,
    0.7159467935562134,
    0.7212992906570435,
    0.7255645394325256,
    0.705441951751709,
    0.7289134860038757,
    0.7289785146713257
  ],
  "learning_rate": [
    0.0003000000142492354,
    0.0003000000142492354,
    0.0003000000142492354,
    0.0003000000142492354,
    0.0003000000142492354,
    0.0003000000142492354,
    0.0003000000142492354,
    0.0003000000142492354,
    0.0003000000142492354,
    0.0003000000142492354,
    0.0003000000142492354,
    0.0003000000142492354,
    0.0003000000142492354,
    0.0003000000142492354,
    0.0003000000142492354,
    0.0003000000142492354,
    0.0003000000142492354,
    0.0003000000142492354,
    0.0003000000142492354,
    0.0003000000142492354
  ]
}