{
  "loss": [
    0.5988563299179077,
    0.4122637212276459,
    0.3584447205066681,
    0.32132792472839355,
    0.3018213212490082
  ],
  "mIoU": [
    0.4812730550765991,
    0.5821159482002258,
    0.6276708841323853,
    0.6569386720657349,
    0.6731981039047241
  ],
  "val_loss": [
    0.5406511425971985,
    0.5308082103729248,
    0.4195764362812042,
    0.3452959954738617,
    0.37088218331336975
  ],
  "val_mIoU": [
    0.5223246216773987,
    0.5540398359298706,
    0.6091690063476562,
    0.64772629737854,
    0.631090521812439
  ],
  "learning_rate": [
    0.0010000000474974513,
    0.0010000000474974513,
    0.0010000000474974513,
    0.0010000000474974513,
    0.0010000000474974513
  ]
}