{
  "loss": [
    0.6090488433837891,
    0.49859049916267395,
    0.48101523518562317,
    0.47008073329925537,
    0.44912371039390564,
    0.4534071385860443,
    0.43255317211151123,
    0.4298722445964813,
    0.44647452235221863,
    0.42571112513542175,
    0.4258781373500824,
    0.4364669620990753,
    0.41326361894607544,
    0.41560840606689453,
    0.4255374073982239,
    0.41313064098358154,
    0.41736936569213867,
    0.41366899013519287,
    0.40892401337623596,
    0.40856415033340454
  ],
  "mIoU": [
    0.6243120431900024,
    0.6790934801101685,
    0.6827941536903381,
    0.6895973682403564,
    0.6997177600860596,
    0.6994012594223022,
    0.707414984703064,
    0.7086779475212097,
    0.7014586925506592,
    0.7110878229141235,
    0.7103165984153748,
    0.705944836139679,
    0.7181849479675293,
    0.715610146522522,
    0.7116614580154419,
    0.7177872657775879,
    0.7170026302337646,
    0.7157426476478577,
    0.7188801765441895,
    0.7191388010978699
  ],
  "val_loss": [
    0.3621516227722168,
    0.3394283950328827,
    0.3300350308418274,
    0.3262094557285309,
    0.3233221769332886,
    0.3157847821712494,
    0.31600168347358704,
    0.31148770451545715,
    0.3101804852485657,
    0.3087928593158722,
    0.307656854391098,
    0.3051058351993561,
    0.30735406279563904,
    0.3026185631752014,
    0.30164384841918945,
    0.30165085196495056,
    0.30245357751846313,
    0.29965558648109436,
    0.3024675250053406,
    0.29862603545188904
  ],
  "val_mIoU": [
    0.7474333047866821,
    0.7573710083961487,
    0.7627518177032471,
    0.7659375071525574,
    0.7660539746284485,
    0.7704871892929077,
    0.771119236946106,
    0.772232174873352,
    0.7742714285850525,
    0.7742475271224976,
    0.7743608355522156,
    0.7765915393829346,
    0.7759009599685669,
    0.7774904370307922,
    0.7788841724395752,
    0.779194712638855,
    0.7789626121520996,
    0.7795979976654053,
    0.7795133590698242,
    0.7804833054542542
  ],
  "learning_rate": [
    0.0003000000142492354,
    0.0003000000142492354,
    0.0003000000142492354,
    0.0003000000142492354,
    0.0003000000142492354,
    0.0003000000142492354,
    0.0003000000142492354,
    0.0003000000142492354,
    0.0003000000142492354,
    0.0003000000142492354,
    0.0003000000142492354,
    0.0003000000142492354,
    0.0003000000142492354,
    0.0003000000142492354,
    0.0003000000142492354,
    0.0003000000142492354,
    0.0003000000142492354,
    0.0003000000142492354,
    0.0003000000142492354,
    0.0003000000142492354
  ]
}