{
  "loss": [
    0.9147545099258423,
    0.7365562319755554,
    0.6704123020172119,
    0.6433724761009216,
    0.6047675609588623,
    0.5804617404937744,
    0.5540030598640442,
    0.5390670299530029,
    0.5215190649032593,
    0.5185604095458984,
    0.5041380524635315,
    0.49541211128234863,
    0.48366841673851013,
    0.4778589606285095,
    0.45986276865005493,
    0.45483481884002686,
    0.4573889374732971,
    0.43973854184150696,
    0.44802457094192505,
    0.43966808915138245,
    0.43318307399749756,
    0.43143829703330994,
    0.41862791776657104,
    0.41620901226997375,
    0.4010842442512512,
    0.41910481452941895,
    0.41802749037742615,
    0.4072188436985016,
    0.40786731243133545,
    0.40006303787231445
  ],
  "mIoU": [
    0.46289747953414917,
    0.5400902032852173,
    0.5741553902626038,
    0.5872156620025635,
    0.6071493625640869,
    0.6211831569671631,
    0.633651614189148,
    0.6430750489234924,
    0.6511988043785095,
    0.6544656753540039,
    0.6612869501113892,
    0.6669585704803467,
    0.6722843050956726,
    0.6758637428283691,
    0.6862779855728149,
    0.6881717443466187,
    0.6888093948364258,
    0.6971262693405151,
    0.69327712059021,
    0.6979848146438599,
    0.7005122900009155,
    0.7028647661209106,
    0.7090044021606445,
    0.7117468118667603,
    0.7204599976539612,
    0.7099910378456116,
    0.7107226252555847,
    0.7171218991279602,
    0.7172244787216187,
    0.7208782434463501
  ],
  "val_loss": [
    0.9956707954406738,
    0.7264840006828308,
    0.6493281722068787,
    0.6212889552116394,
    0.552998960018158,
    0.6552952527999878,
    0.5310190320014954,
    0.5068221092224121,
    0.4784756600856781,
    0.4674670696258545,
    0.45143193006515503,
    0.4639883041381836,
    0.44645288586616516,
    0.4244050681591034,
    0.4325810670852661,
    0.45483648777008057,
    0.4125582277774811,
    0.4091297686100006,
    0.40984800457954407,
    0.45227304100990295,
    0.40290898084640503,
    0.3927414119243622,
    0.3845093846321106,
    0.4070756137371063,
    0.3890828490257263,
    0.3709043562412262,
    0.40414056181907654,
    0.4282546043395996,
    0.36784419417381287,
    0.3840884566307068
  ],
  "val_mIoU": [
    0.4341598153114319,
    0.5548149943351746,
    0.5960049629211426,
    0.6094412207603455,
    0.647871732711792,
    0.6115152835845947,
    0.6521467566490173,
    0.664949893951416,
    0.6784258484840393,
    0.6865536570549011,
    0.695149302482605,
    0.6907314658164978,
    0.6989559531211853,
    0.710223376750946,
    0.708845853805542,
    0.6950330138206482,
    0.7183324098587036,
    0.7169499397277832,
    0.7203267812728882,
    0.7014945149421692,
    0.727228045463562,
    0.7296916246414185,
    0.7348278760910034,
    0.7242805361747742,
    0.7326119542121887,
    0.7421408891677856,
    0.7236612439155579,
    0.7117921710014343,
    0.7465164661407471,
    0.7401118278503418
  ],
  "learning_rate": [
    0.0010000000474974513,
    0.0010000000474974513,
    0.0010000000474974513,
    0.0010000000474974513,
    0.0010000000474974513,
    0.0010000000474974513,
    0.0010000000474974513,
    0.0010000000474974513,
    0.0010000000474974513,
    0.0010000000474974513,
    0.0010000000474974513,
    0.0010000000474974513,
    0.0010000000474974513,
    0.0010000000474974513,
    0.0010000000474974513,
    0.0010000000474974513,
    0.0010000000474974513,
    0.0010000000474974513,
    0.0010000000474974513,
    0.0010000000474974513,
    0.0010000000474974513,
    0.0010000000474974513,
    0.0010000000474974513,
    0.0010000000474974513,
    0.0010000000474974513,
    0.0010000000474974513,
    0.0010000000474974513,
    0.0010000000474974513,
    0.0010000000474974513,
    0.0010000000474974513
  ]
}