{
  "loss": [
    0.7340077757835388,
    0.5734090805053711,
    0.5274193286895752,
    0.5054617524147034,
    0.4900839030742645,
    0.47516852617263794,
    0.46938395500183105,
    0.4478761851787567,
    0.4426972270011902,
    0.43840476870536804,
    0.4324948191642761,
    0.42311784625053406,
    0.4237748980522156,
    0.4114221930503845,
    0.40547260642051697,
    0.40728768706321716,
    0.3948790729045868,
    0.3894590735435486,
    0.38985347747802734,
    0.38347455859184265,
    0.3746947646141052,
    0.37985658645629883,
    0.37539681792259216,
    0.37405163049697876,
    0.3708280920982361,
    0.36975112557411194,
    0.36253654956817627,
    0.3539458215236664,
    0.34909534454345703,
    0.3405691981315613,
    0.34569552540779114,
    0.341064453125,
    0.3345969617366791,
    0.34288838505744934,
    0.3279772400856018,
    0.32378000020980835,
    0.3204745352268219,
    0.32451745867729187,
    0.32739755511283875,
    0.32805103063583374
  ],
  "mIoU": [
    0.54326331615448,
    0.6267416477203369,
    0.6515576243400574,
    0.6649665832519531,
    0.6731423139572144,
    0.6806126832962036,
    0.6836397647857666,
    0.6941968202590942,
    0.6964392066001892,
    0.6978877782821655,
    0.7014507055282593,
    0.7075533866882324,
    0.707477331161499,
    0.7136017084121704,
    0.717329740524292,
    0.716052770614624,
    0.7210802435874939,
    0.7248166799545288,
    0.7248130440711975,
    0.728874921798706,
    0.7334426045417786,
    0.728971540927887,
    0.7322202920913696,
    0.7331169843673706,
    0.7344856262207031,
    0.7359825968742371,
    0.7387155294418335,
    0.7442642450332642,
    0.7461528778076172,
    0.7526771426200867,
    0.7495203018188477,
    0.7511627078056335,
    0.7558218836784363,
    0.7496996521949768,
    0.7573795318603516,
    0.760661244392395,
    0.7635321021080017,
    0.7598888874053955,
    0.759911298751831,
    0.7588039636611938
  ],
  "val_loss": [
    0.5552662014961243,
    0.4840461015701294,
    0.4684533476829529,
    0.43858787417411804,
    0.4143868684768677,
    0.413913756608963,
    0.4064093828201294,
    0.40278860926628113,
    0.3832208216190338,
    0.388180673122406,
    0.38263657689094543,
    0.37823355197906494,
    0.37957292795181274,
    0.3741600811481476,
    0.37657430768013,
    0.3780826926231384,
    0.3747398257255554,
    0.3721032738685608,
    0.3753674626350403,
    0.37338459491729736,
    0.36740991473197937,
    0.36791396141052246,
    0.3893619477748871,
    0.37076038122177124,
    0.3672657310962677,
    0.3713010549545288,
    0.36392542719841003,
    0.36090975999832153,
    0.35819441080093384,
    0.36095890402793884,
    0.3545345366001129,
    0.35600799322128296,
    0.36415815353393555,
    0.35937970876693726,
    0.3579956591129303,
    0.35582056641578674,
    0.35773754119873047,
    0.3585004210472107,
    0.357744425535202,
    0.35712143778800964
  ],
  "val_mIoU": [
    0.6367665529251099,
    0.6807810068130493,
    0.6949552297592163,
    0.706139087677002,
    0.7171357274055481,
    0.7222183346748352,
    0.7244677543640137,
    0.721872091293335,
    0.7332818508148193,
    0.7313061952590942,
    0.7323421835899353,
    0.7388693690299988,
    0.7360537052154541,
    0.7388151288032532,
    0.7419044971466064,
    0.7404377460479736,
    0.7415467500686646,
    0.7433484196662903,
    0.7426811456680298,
    0.7447066903114319,
    0.7463271021842957,
    0.7471402883529663,
    0.7351522445678711,
    0.7478457689285278,
    0.7474321126937866,
    0.7476068735122681,
    0.74541175365448,
    0.7531958222389221,
    0.7518283128738403,
    0.7542750835418701,
    0.7546945214271545,
    0.7536602020263672,
    0.7519804239273071,
    0.752970814704895,
    0.7559689879417419,
    0.7555273771286011,
    0.7574710845947266,
    0.7556403279304504,
    0.7574819326400757,
    0.7567077875137329
  ],
  "learning_rate": [
    0.0010000000474974513,
    0.0010000000474974513,
    0.0010000000474974513,
    0.0010000000474974513,
    0.0010000000474974513,
    0.0010000000474974513,
    0.0010000000474974513,
    0.0010000000474974513,
    0.0010000000474974513,
    0.0010000000474974513,
    0.0010000000474974513,
    0.0010000000474974513,
    0.0010000000474974513,
    0.0010000000474974513,
    0.0010000000474974513,
    0.0010000000474974513,
    0.0010000000474974513,
    0.0010000000474974513,
    0.0010000000474974513,
    0.0010000000474974513,
    0.0010000000474974513,
    0.0010000000474974513,
    0.0010000000474974513,
    0.0010000000474974513,
    0.0010000000474974513,
    0.0010000000474974513,
    0.0010000000474974513,
    0.0005000000237487257,
    0.0005000000237487257,
    0.0005000000237487257,
    0.0005000000237487257,
    0.0005000000237487257,
    0.0005000000237487257,
    0.0005000000237487257,
    0.0002500000118743628,
    0.0002500000118743628,
    0.0002500000118743628,
    0.0002500000118743628,
    0.0002500000118743628,
    0.0002500000118743628
  ]
}