{
  "run_name": "CONVNEXT_TINY_FROZEN_256x256_b4_aug1_ce_dice",
  "best_path": "/home/ui/PROJ9/out/experiments/CONVNEXT_TINY_FROZEN_256x256_b4_aug1_ce_dice/best.keras",
  "train_time_sec": 17003.96164083481,
  "val_loss": 0.357744425535202,
  "val_mIoU": 0.7574819326400757,
  "test_loss": 0.3211020827293396,
  "test_mIoU": 0.7735310792922974
}