{
  "loss": [
    1.1645163297653198,
    0.8187002539634705,
    0.6960214376449585,
    0.644965648651123,
    0.6031630039215088,
    0.5700107216835022,
    0.5509867072105408,
    0.5220785140991211,
    0.5058135986328125,
    0.4908147156238556,
    0.4806155860424042,
    0.46372172236442566,
    0.4520133435726166,
    0.4568641483783722,
    0.4293777644634247,
    0.43532007932662964,
    0.4216631352901459,
    0.4158548414707184,
    0.4105106294155121,
    0.40189212560653687
  ],
  "mIoU": [
    0.38753437995910645,
    0.5094823837280273,
    0.5671749114990234,
    0.5914539098739624,
    0.6130108833312988,
    0.6313517093658447,
    0.6401063203811646,
    0.6543655395507812,
    0.6624759435653687,
    0.6726735830307007,
    0.6770102977752686,
    0.6868215799331665,
    0.6942043304443359,
    0.6909059882164001,
    0.7048895955085754,
    0.7022349834442139,
    0.7095779180526733,
    0.7122336626052856,
    0.7171758413314819,
    0.7233752012252808
  ],
  "val_loss": [
    0.8238201141357422,
    0.7906107306480408,
    0.66973477602005,
    0.5931200385093689,
    0.5344617366790771,
    0.5478713512420654,
    0.5238213539123535,
    0.5044317841529846,
    0.5499891042709351,
    0.5058363080024719,
    0.5005154609680176,
    0.431332528591156,
    0.42528796195983887,
    0.4199695289134979,
    0.4237336218357086,
    0.4233531653881073,
    0.40646469593048096,
    0.3961928188800812,
    0.38748079538345337,
    0.42549899220466614
  ],
  "val_mIoU": [
    0.49754399061203003,
    0.5206873416900635,
    0.5862236022949219,
    0.6189121007919312,
    0.6441641449928284,
    0.648626446723938,
    0.6641349196434021,
    0.6649129390716553,
    0.649036169052124,
    0.6719532608985901,
    0.6759198904037476,
    0.7054901123046875,
    0.7147759795188904,
    0.7103605270385742,
    0.7134086489677429,
    0.7170435786247253,
    0.725540041923523,
    0.7242529392242432,
    0.7364894151687622,
    0.7118263244628906
  ],
  "learning_rate": [
    0.0003000000142492354,
    0.0003000000142492354,
    0.0003000000142492354,
    0.0003000000142492354,
    0.0003000000142492354,
    0.0003000000142492354,
    0.0003000000142492354,
    0.0003000000142492354,
    0.0003000000142492354,
    0.0003000000142492354,
    0.0003000000142492354,
    0.0003000000142492354,
    0.0003000000142492354,
    0.0003000000142492354,
    0.0003000000142492354,
    0.0003000000142492354,
    0.0003000000142492354,
    0.0003000000142492354,
    0.0003000000142492354,
    0.0003000000142492354
  ]
}