{
  "loss": [
    0.6468361020088196,
    0.498291015625,
    0.45437467098236084,
    0.4280782639980316,
    0.4076957106590271,
    0.38943788409233093,
    0.3837680220603943,
    0.36796265840530396,
    0.3614911437034607,
    0.34883925318717957,
    0.34217286109924316,
    0.337745726108551,
    0.3338170349597931,
    0.32845568656921387
  ],
  "mIoU": [
    0.6024954915046692,
    0.6714661717414856,
    0.694200873374939,
    0.7078766226768494,
    0.718720555305481,
    0.7293444275856018,
    0.7325528264045715,
    0.7405126690864563,
    0.7445900440216064,
    0.7503187656402588,
    0.7558393478393555,
    0.7576133012771606,
    0.7616819143295288,
    0.7619224786758423
  ],
  "val_loss": [
    0.5002219676971436,
    0.4992945194244385,
    0.47580865025520325,
    0.5050628185272217,
    0.39116713404655457,
    0.5597032308578491,
    0.377670019865036,
    0.43986913561820984,
    0.3495703935623169,
    0.38144028186798096,
    0.3268219530582428,
    0.32821500301361084,
    0.4770004153251648,
    0.3546474874019623
  ],
  "val_mIoU": [
    0.6782007217407227,
    0.6772544384002686,
    0.7017418742179871,
    0.6854567527770996,
    0.7357977628707886,
    0.6844448447227478,
    0.7376105785369873,
    0.7290736436843872,
    0.7584856152534485,
    0.7458368539810181,
    0.7715005874633789,
    0.768866777420044,
    0.7126884460449219,
    0.7584500908851624
  ],
  "learning_rate": [
    0.0003000000142492354,
    0.0003000000142492354,
    0.0003000000142492354,
    0.0003000000142492354,
    0.0003000000142492354,
    0.0003000000142492354,
    0.0003000000142492354,
    0.0003000000142492354,
    0.0003000000142492354,
    0.0003000000142492354,
    0.0003000000142492354,
    0.0003000000142492354,
    0.0003000000142492354,
    0.0003000000142492354
  ]
}