{
  "run_name": "RESNET50_FT_512x512_b4_aug1_ce_dice_e20_seed42",
  "best_path": "/home/ui/PROJ9/out/experiments/RESNET50_FT_512x512_b4_aug1_ce_dice_e20_seed42/best.keras",
  "train_time_sec": 3421.492373228073,
  "val_loss": 0.3268219530582428,
  "val_mIoU": 0.7715005874633789,
  "test_loss": 0.29319021105766296,
  "test_mIoU": 0.7879180312156677,
  "params": {
    "tag": "RESNET50",
    "size_hw": [
      512,
      512
    ],
    "batch": 4,
    "epochs": 20,
    "aug": true,
    "aug_repeats": 1,
    "loss_name": "ce_dice",
    "seed": 42,
    "trainable": true
  }
}