{
  "loss": [
    0.5836247205734253,
    0.4280320405960083,
    0.3821382224559784,
    0.35354185104370117,
    0.3274695575237274
  ],
  "mIoU": [
    0.4941402077674866,
    0.5760682225227356,
    0.6099110841751099,
    0.6306426525115967,
    0.6495575904846191
  ],
  "val_loss": [
    0.8114462494850159,
    0.4817957282066345,
    0.42549121379852295,
    0.44220873713493347,
    0.3678223788738251
  ],
  "val_mIoU": [
    0.38706257939338684,
    0.5469344854354858,
    0.592231273651123,
    0.5851280689239502,
    0.6281362175941467
  ],
  "learning_rate": [
    0.0010000000474974513,
    0.0010000000474974513,
    0.0010000000474974513,
    0.0010000000474974513,
    0.0010000000474974513
  ]
}