{
  "run_name": "UNET_SCRATCH_128x128_b8_aug0_rep1_ce_e5_seed42",
  "best_path": "/home/ui/PROJ8/out/experiments/UNET_SCRATCH_128x128_b8_aug0_rep1_ce_e5_seed42.keras",
  "train_time_sec": 1182.3437721729279,
  "val_loss": 0.3678223788738251,
  "val_mIoU": 0.6281362175941467,
  "test_loss": 0.3359902501106262,
  "test_mIoU": 0.6488019227981567
}